{"ns":[{"id":0,"i_id":[],"i_w":[],"b":0.0,"a_fn":"do_nothing"},{"id":1,"i_id":[],"i_w":[],"b":0.0,"a_fn":"do_nothing"},{"id":2,"i_id":[0,1],"i_w":[1.0028392355814972,1.0022500632888922],"b":-0.02843740820015665,"a_fn":"do_nothing"},{"id":3,"i_id":[0,1],"i_w":[1.003077295931625,-0.9975612764752854],"b":-0.03082178919233554,"a_fn":"do_nothing"}],"i_id":[0,1],"o_id":[2,3],"l_len":{"0":2,"2":2}}